1541131350,Cerberus+1,Exotic,Kinetic,AutoRifle
4068264807,Monte Carlo,Exotic,Kinetic,AutoRifle
2856683562,SUROS Regime,Exotic,Kinetic,AutoRifle
1345867570,Sweet Business,Exotic,Kinetic,AutoRifle
814876684,Wish-Ender,Exotic,Kinetic,CombatBow
2415517654,Bastion,Exotic,Kinetic,FusionRifle
2357297366,Witherhoard,Exotic,Kinetic,GrenadeLauncher
347366834,Ace of Spades,Exotic,Kinetic,HandCannon
3437746471,Crimson,Exotic,Kinetic,HandCannon
3512014804,Lumina,Exotic,Kinetic,HandCannon
204878059,Malfeasance,Exotic,Kinetic,HandCannon
2907129556,Sturm,Exotic,Kinetic,HandCannon
1364093401,The Last Word,Exotic,Kinetic,HandCannon
3973202132,Thorn,Exotic,Kinetic,HandCannon
2130065553,Arbalest,Exotic,Kinetic,LinearFusionRifle
2816212794,Bad Juju,Exotic,Kinetic,PulseRifle
400096939,Outbreak Perfected,Exotic,Kinetic,PulseRifle
3628991659,Vigilance Wing,Exotic,Kinetic,PulseRifle
1331482397,MIDA Multi-Tool,Exotic,Kinetic,ScoutRifle
3844694310,The Jade Rabbit,Exotic,Kinetic,ScoutRifle
3413860062,The Chaperone,Exotic,Kinetic,Shotgun
2362471601,Rat King,Exotic,Kinetic,Sidearm
1853180924,Traveler's Chosen,Exotic,Kinetic,Sidearm
3211806999,Izanagi's Burden,Exotic,Kinetic,SniperRifle
2286143274,The Huckleberry,Exotic,Kinetic,SubmachineGun
4124984448,Hard Light,Exotic,Void,AutoRifle
776191470,Tommy's Matchbook,Exotic,Solar,AutoRifle
3588934839,Le Monarque,Exotic,Void,CombatBow
814876685,Trinity Ghoul,Exotic,Arc,CombatBow
417164956,JÃ¶tunn,Exotic,Solar,FusionRifle
4190156464,Merciless,Exotic,Solar,FusionRifle
2208405142,Telesto,Exotic,Void,FusionRifle
3549153978,Fighting Lion,Exotic,Void,GrenadeLauncher
3524313097,Eriana's Vow,Exotic,Solar,HandCannon
2907129557,Sunshot,Exotic,Solar,HandCannon
3628991658,Graviton Lance,Exotic,Void,PulseRifle
3413074534,Polaris Lance,Exotic,Solar,ScoutRifle
4255268456,Skyburner's Oath,Exotic,Solar,ScoutRifle
4017959782,Symmetry,Exotic,Arc,ScoutRifle
3413860063,Lord of Wolves,Exotic,Solar,Shotgun
1665952087,The Fourth Horseman,Exotic,Arc,Shotgun
3824106094,Devil's Ruin,Exotic,Solar,Sidearm
3141979347,Borealis,Exotic,Void,SniperRifle
3089417789,Riskrunner,Exotic,Arc,SubmachineGun
3110698812,Tarrabah,Exotic,Solar,SubmachineGun
1345867571,Coldheart,Exotic,Arc,TraceRifle
4103414242,Divinity,Exotic,Arc,TraceRifle
19024058,Prometheus Lens,Exotic,Solar,TraceRifle
1363238943,Ruinous Effigy,Exotic,Void,TraceRifle
1852863732,Wavesplitter,Exotic,Void,TraceRifle
1690783811,The Forward Path,Legendary,Kinetic,AutoRifle
1503609584,The Last Breath,Legendary,Kinetic,AutoRifle
640114618,Tigerspite,Legendary,Kinetic,AutoRifle
4095896073,Accrued Redemption,Legendary,Kinetic,CombatBow
720351794,No Turning Back,Legendary,Kinetic,CombatBow
421573768,The Spiteful Fang,Legendary,Kinetic,CombatBow
211938782,Whispering Slab,Legendary,Kinetic,CombatBow
3745974521,The Militia's Birthright,Legendary,Kinetic,GrenadeLauncher
3993415705,The Mountaintop,Legendary,Kinetic,GrenadeLauncher
1406475890,Agamid,Legendary,Kinetic,HandCannon
2429822977,Austringer,Legendary,Kinetic,HandCannon
2145476620,Bad News,Legendary,Kinetic,HandCannon
2824241403,Bad News XF4354,Legendary,Kinetic,HandCannon
1048266744,Better Devils,Legendary,Kinetic,HandCannon
153979397,Better Devils,Legendary,Kinetic,HandCannon
3649055823,Crimil's Dagger,Legendary,Kinetic,HandCannon
4292849692,Crimil's Dagger,Legendary,Kinetic,HandCannon
4238497225,D.F.A.,Legendary,Kinetic,HandCannon
2742838701,Dire Promise,Legendary,Kinetic,HandCannon
582335600,Dire Promise,Legendary,Kinetic,HandCannon
2112909414,Duke Mk. 44,Legendary,Kinetic,HandCannon
3216383791,Home for the Lost,Legendary,Kinetic,HandCannon
2850415209,Judgment,Legendary,Kinetic,HandCannon
2957542878,Living Memory,Legendary,Kinetic,HandCannon
3924212056,Loud Lullaby,Legendary,Kinetic,HandCannon
1128225405,Midnight Coup,Legendary,Kinetic,HandCannon
3860697509,Pribina-D,Legendary,Kinetic,HandCannon
4211534763,Pribina-D,Legendary,Kinetic,HandCannon
2429822976,Rose,Legendary,Kinetic,HandCannon
2171006181,Service Revolver,Legendary,Kinetic,HandCannon
834081972,Service Revolver,Legendary,Kinetic,HandCannon
3037520408,Seventh Seraph Officer Revolver,Legendary,Kinetic,HandCannon
3116356268,Spare Rations,Legendary,Kinetic,HandCannon
2112909415,Ten Paces,Legendary,Kinetic,HandCannon
1706536806,The Old Fashioned,Legendary,Kinetic,HandCannon
3569802112,The Old Fashioned,Legendary,Kinetic,HandCannon
1189790632,The Steady Hand,Legendary,Kinetic,HandCannon
408440598,True Prophecy,Legendary,Kinetic,HandCannon
2742838700,True Prophecy,Legendary,Kinetic,HandCannon
233423981,Warden's Law,Legendary,Kinetic,HandCannon
3285365667,West of Sunfall 7,Legendary,Kinetic,HandCannon
1674742470,Autumn Wind,Legendary,Kinetic,PulseRifle
1178397319,Battle Scar,Legendary,Kinetic,PulseRifle
3843477312,Blast Furnace,Legendary,Kinetic,PulseRifle
2712244741,Bygones,Legendary,Kinetic,PulseRifle
568515759,Chattering Bone,Legendary,Kinetic,PulseRifle
1216130969,Cold Denial,Legendary,Kinetic,PulseRifle
1513927137,Disrespectful Stare,Legendary,Kinetic,PulseRifle
1523647826,Eternal Slumber,Legendary,Kinetic,PulseRifle
3199662972,Eystein-D,Legendary,Kinetic,PulseRifle
3199662972,Eystein-D,Legendary,Kinetic,PulseRifle
4138174248,Go Figure,Legendary,Kinetic,PulseRifle
1760543913,Legal Action II,Legendary,Kinetic,PulseRifle
1513927138,Lincoln Green,Legendary,Kinetic,PulseRifle
161537636,Machina Dei 4,Legendary,Kinetic,PulseRifle
210065223,Magnum Shepherd,Legendary,Kinetic,PulseRifle
792755504,Nightshade,Legendary,Kinetic,PulseRifle
339163900,Nightshade,Legendary,Kinetic,PulseRifle
1161276682,Redrix's Broadsword,Legendary,Kinetic,PulseRifle
191996029,Redrix's Claymore,Legendary,Kinetic,PulseRifle
1187594590,Relentless,Legendary,Kinetic,PulseRifle
2408405461,Sacred Provenance,Legendary,Kinetic,PulseRifle
3529780349,The Marine,Legendary,Kinetic,PulseRifle
4425887,The Time-Worn Spire,Legendary,Kinetic,PulseRifle
1587439031,Three Graves,Legendary,Kinetic,PulseRifle
1885753222,Call to Serve,Legendary,Kinetic,ScoutRifle
2278995296,Does Not Compute,Legendary,Kinetic,ScoutRifle
4193877020,Does Not Compute,Legendary,Kinetic,ScoutRifle
273396910,Frontier Justice,Legendary,Kinetic,ScoutRifle
472169727,Garden Progeny 1,Legendary,Kinetic,ScoutRifle
3435238843,Good Counsel IX,Legendary,Kinetic,ScoutRifle
2625782212,Haunted Earth,Legendary,Kinetic,ScoutRifle
2314999489,Imperative,Legendary,Kinetic,ScoutRifle
3040742682,Nameless Midnight,Legendary,Kinetic,ScoutRifle
1960218487,Nameless Midnight,Legendary,Kinetic,ScoutRifle
1350102270,Niflheim Frost,Legendary,Kinetic,ScoutRifle
3504336176,Night Watch,Legendary,Kinetic,ScoutRifle
2723241847,Patron of Lost Causes,Legendary,Kinetic,ScoutRifle
2516360525,Purpose,Legendary,Kinetic,ScoutRifle
3535742959,Randy's Throwing Knife,Legendary,Kinetic,ScoutRifle
3435238842,Song of Justice VI,Legendary,Kinetic,ScoutRifle
1982711279,Talons of the Eagle,Legendary,Kinetic,ScoutRifle
541053086,Telemachus-C,Legendary,Kinetic,ScoutRifle
3826803617,The Dream,Legendary,Kinetic,ScoutRifle
3890960908,The Guiding Sight,Legendary,Kinetic,ScoutRifle
2478792241,The Scholar,Legendary,Kinetic,ScoutRifle
3799980700,Transfiguration,Legendary,Kinetic,ScoutRifle
3957603605,Wrong Side of Right,Legendary,Kinetic,ScoutRifle
1697682876,Astral Horizon,Legendary,Kinetic,Shotgun
731147179,Baligant,Legendary,Kinetic,Shotgun
3461377698,Baligant XU7743,Legendary,Kinetic,Shotgun
2782847179,Blasphemer,Legendary,Kinetic,Shotgun
636912560,Dust Rock Blues,Legendary,Kinetic,Shotgun
1807343361,Hawthorne's Field-Forged Shotgun,Legendary,Kinetic,Shotgun
731147177,Hawthorne's Field-Forged Shotgun,Legendary,Kinetic,Shotgun
2919334548,Imperial Decree,Legendary,Kinetic,Shotgun
1016668089,One Small Step,Legendary,Kinetic,Shotgun
2217366863,Parcel of Stardust,Legendary,Kinetic,Shotgun
3393519051,Perfect Paradox,Legendary,Kinetic,Shotgun
2248667690,Perfect Paradox,Legendary,Kinetic,Shotgun
1664372054,Threat Level,Legendary,Kinetic,Shotgun
2957367743,Toil and Trouble,Legendary,Kinetic,Shotgun
982229638,Allied Demand,Legendary,Kinetic,Sidearm
1533499360,Athelflad-D,Legendary,Kinetic,Sidearm
1289997971,Breachlight,Legendary,Kinetic,Sidearm
805677041,Buzzard,Legendary,Kinetic,Sidearm
48361212,Controlling Vision,Legendary,Kinetic,Sidearm
1723380073,Enigma's Draw,Legendary,Kinetic,Sidearm
2581162758,Enigma's Draw,Legendary,Kinetic,Sidearm
2084611899,Last of the Legion,Legendary,Kinetic,Sidearm
2199171672,Lonesome,Legendary,Kinetic,Sidearm
1911843789,Minimum Distance,Legendary,Kinetic,Sidearm
806021398,Peace by Consensus,Legendary,Kinetic,Sidearm
1843044399,Smuggler's Word,Legendary,Kinetic,Sidearm
819358961,Spoiler Alert,Legendary,Kinetic,Sidearm
2812672356,Vertical Orbit QSm,Legendary,Kinetic,Sidearm
3380742308,Alone as a god,Legendary,Kinetic,SniperRifle
3169616514,Bite of the Fox,Legendary,Kinetic,SniperRifle
3100452337,Dreaded Venture,Legendary,Kinetic,SniperRifle
3164743584,Eye of Sol,Legendary,Kinetic,SniperRifle
3745990145,Long Shadow,Legendary,Kinetic,SniperRifle
654608616,Revoker,Legendary,Kinetic,SniperRifle
3312073053,Shepherd's Watch,Legendary,Kinetic,SniperRifle
4148143418,Show of Force XF4865,Legendary,Kinetic,SniperRifle
990416096,Silicon Neuroma,Legendary,Kinetic,SniperRifle
689453941,The Frigid Jackal,Legendary,Kinetic,SniperRifle
686951703,The Supremacy,Legendary,Kinetic,SniperRifle
1645386487,Tranquility,Legendary,Kinetic,SniperRifle
2094938673,Adjudicator,Legendary,Kinetic,SubmachineGun
2561659919,Antiope-D,Legendary,Kinetic,SubmachineGun
566976653,Antiope-D,Legendary,Kinetic,SubmachineGun
2414612777,Atalanta-D,Legendary,Kinetic,SubmachineGun
2422664927,Atalanta-D XG1992,Legendary,Kinetic,SubmachineGun
516243773,Beidenhander,Legendary,Kinetic,SubmachineGun
1506719573,Cold Front,Legendary,Kinetic,SubmachineGun
1786797708,Escape Velocity,Legendary,Kinetic,SubmachineGun
1459443448,Escape Velocity,Legendary,Kinetic,SubmachineGun
4227181568,Exit Strategy,Legendary,Kinetic,SubmachineGun
105567493,Hard Truths,Legendary,Kinetic,SubmachineGun
2611861926,Imminent Storm,Legendary,Kinetic,SubmachineGun
3950088638,Motion to Suppress,Legendary,Kinetic,SubmachineGun
4265183314,Multimach CCX,Legendary,Kinetic,SubmachineGun
2414612776,New City,Legendary,Kinetic,SubmachineGun
2653316158,Pillager,Legendary,Kinetic,SubmachineGun
3991544423,The Conqueror 2,Legendary,Kinetic,SubmachineGun
1200414607,The Showrunner,Legendary,Kinetic,SubmachineGun
2681395357,Trackless Waste,Legendary,Kinetic,SubmachineGun
601592879,Age-Old Bond,Legendary,Void,AutoRifle
2723909519,Arc Logic,Legendary,Arc,AutoRifle
1942069133,Dark Decider,Legendary,Arc,AutoRifle
3778520451,Galliard-42,Legendary,Arc,AutoRifle
1775804198,Galliard-42 XN7568,Legendary,Solar,AutoRifle
821154603,Gnawing Hunger,Legendary,Void,AutoRifle
1842303080,Hollow Earth,Legendary,Arc,AutoRifle
3778520449,Jiangshi AR4,Legendary,Solar,AutoRifle
4014434381,Kibou AR3,Legendary,Arc,AutoRifle
3336215727,Martyr's Make,Legendary,Arc,AutoRifle
3920811074,Medley-45,Legendary,Solar,AutoRifle
819441402,Misfit,Legendary,Arc,AutoRifle
3188460622,Null Calamity 9,Legendary,Void,AutoRifle
1327432221,Perseverance,Legendary,Solar,AutoRifle
3393130645,Positive Outlook,Legendary,Solar,AutoRifle
1909527966,Prosecutor,Legendary,Arc,AutoRifle
3385326721,Reckless Oracle,Legendary,Void,AutoRifle
705774642,Restoration VIII,Legendary,Arc,AutoRifle
3762467077,Solemn Hymn,Legendary,Void,AutoRifle
3854359821,The Number,Legendary,Solar,AutoRifle
93253474,The Ringing Nail,Legendary,Solar,AutoRifle
1907698332,The Summoner,Legendary,Solar,AutoRifle
3863882743,Uriel's Gift,Legendary,Arc,AutoRifle
3762467076,Uriel's Gift,Legendary,Arc,AutoRifle
3762467079,Valakadyn,Legendary,Solar,AutoRifle
1518042135,Valakadyn,Legendary,Solar,AutoRifle
720351795,Arsenic Bite-4b,Legendary,Arc,CombatBow
1584643826,Hush,Legendary,Solar,CombatBow
3434944005,Point of the Stag,Legendary,Arc,CombatBow
3410721600,Subtle Calamity,Legendary,Void,CombatBow
2009106091,The Vow,Legendary,Solar,CombatBow
2721249463,Tyranny of Heaven,Legendary,Solar,CombatBow
2502422772,Cartesian Coordinate,Legendary,Solar,FusionRifle
3005879472,Conjecture TSc,Legendary,Arc,FusionRifle
1773600468,Critical Sass,Legendary,Arc,FusionRifle
2931957300,Dream Breaker,Legendary,Solar,FusionRifle
4106983932,Elatha FR4,Legendary,Solar,FusionRifle
4105447487,Elatha FR4,Legendary,Solar,FusionRifle
3027844941,Erentil FR4,Legendary,Void,FusionRifle
2398848320,Erentil FR4,Legendary,Void,FusionRifle
679281855,Exile's Curse,Legendary,Arc,FusionRifle
1706206669,Gallant Charge,Legendary,Solar,FusionRifle
607191995,Hollow Words,Legendary,Arc,FusionRifle
580961571,Loaded Question,Legendary,Arc,FusionRifle
253196586,Main Ingredient,Legendary,Arc,FusionRifle
3445437901,Main Ingredient,Legendary,Arc,FusionRifle
2502422774,Nox Echo III,Legendary,Arc,FusionRifle
4105447486,Nox Veneris II,Legendary,Arc,FusionRifle
3027844940,Proelium FR3,Legendary,Solar,FusionRifle
618554398,Proelium FR3,Legendary,Void,FusionRifle
2502422773,Shock and Awe,Legendary,Void,FusionRifle
4094657108,Techeun Force,Legendary,Arc,FusionRifle
2753269585,Tempered Dynamo,Legendary,Arc,FusionRifle
4288031461,The Emperor's Envy,Legendary,Void,FusionRifle
4124357815,The Epicurean,Legendary,Void,FusionRifle
2961807684,The Wizened Rebuke,Legendary,Arc,FusionRifle
930590127,The Wizened Rebuke,Legendary,Arc,FusionRifle
1006783454,Timelines' Vertex,Legendary,Solar,FusionRifle
3055192515,Timelines' Vertex,Legendary,Solar,FusionRifle
2209003210,Zealot's Reward,Legendary,Void,FusionRifle
1983332560,Flash and Thunder,Legendary,Arc,GrenadeLauncher
3850168899,Martyr's Retribution,Legendary,Solar,GrenadeLauncher
1870979911,Orewing's Maul,Legendary,Void,GrenadeLauncher
2108920981,Orewing's Maul,Legendary,Void,GrenadeLauncher
3252697558,Truthteller,Legendary,Void,GrenadeLauncher
1946491241,Truthteller,Legendary,Void,GrenadeLauncher
2071412133,A Cold Sweat,Legendary,Void,HandCannon
48643186,Ancient Gospel,Legendary,Solar,HandCannon
2145476623,Annual Skate,Legendary,Solar,HandCannon
1351035691,Daedalus Code,Legendary,Solar,HandCannon
701922966,Finite Impactor,Legendary,Arc,HandCannon
3866356643,IKELOS_HC_v1.0.1,Legendary,Void,HandCannon
1200824700,IKELOS_HC_v1.0.2,Legendary,Void,HandCannon
3860697510,Imset HC4,Legendary,Arc,HandCannon
3285365666,Jack Queen King 3,Legendary,Arc,HandCannon
410996590,Jack Queen King 3,Legendary,Arc,HandCannon
2575506895,Kindled Orchid,Legendary,Void,HandCannon
153979396,Luna's Howl,Legendary,Solar,HandCannon
3860697508,Minuet-42,Legendary,Solar,HandCannon
654370424,Nation of Beasts,Legendary,Arc,HandCannon
1835747805,Nature of the Beast,Legendary,Arc,HandCannon
468276817,Nature of the Beast,Legendary,Arc,HandCannon
153979399,Not Forgotten,Legendary,Solar,HandCannon
2693941407,Older Sister III,Legendary,Solar,HandCannon
2138599001,Optative,Legendary,Void,HandCannon
2145476622,Shattered Peace,Legendary,Arc,HandCannon
2817949113,The Defiant,Legendary,Solar,HandCannon
1178886909,Thin Line,Legendary,Void,HandCannon
4077196130,Trust,Legendary,Solar,HandCannon
334171687,Waking Vigil,Legendary,Arc,HandCannon
1167153950,Adhortative,Legendary,Solar,PulseRifle
1513927139,Agenda 5,Legendary,Solar,PulseRifle
1178397318,Agrona PR4,Legendary,Void,PulseRifle
339343291,Cadenza-43,Legendary,Solar,PulseRifle
1280933460,Claws of the Wolf,Legendary,Void,PulseRifle
325519402,Darkest Before,Legendary,Arc,PulseRifle
4145119417,Heart of Time,Legendary,Arc,PulseRifle
1071542914,Horror's Least,Legendary,Arc,PulseRifle
228424224,Impromptu-49,Legendary,Void,PulseRifle
3325744914,Inaugural Address,Legendary,Void,PulseRifle
161537637,Infinite Paths 8,Legendary,Arc,PulseRifle
3233390913,Infinite Paths 8,Legendary,Arc,PulseRifle
1162247618,Jian 7 Rifle,Legendary,Arc,PulseRifle
1162247618,Jian 7 Rifle,Legendary,Arc,PulseRifle
622058944,Jorum's Claw,Legendary,Solar,PulseRifle
962412079,Last Perdition,Legendary,Void,PulseRifle
188882152,Last Perdition,Legendary,Void,PulseRifle
339343290,Nergal PR4,Legendary,Void,PulseRifle
299665907,Outlast,Legendary,Solar,PulseRifle
208088207,Premonition,Legendary,Void,PulseRifle
159056377,Requiem-45,Legendary,Void,PulseRifle
3376406418,Right Side of Wrong,Legendary,Solar,PulseRifle
1513927136,Swift Ride,Legendary,Arc,PulseRifle
1386601612,Swift Ride XE8375,Legendary,Arc,PulseRifle
1531295694,Adverse Possession IX,Legendary,Arc,ScoutRifle
525750263,Black Scorpion-4sr,Legendary,Arc,ScoutRifle
925326394,Black Scorpion-4sr,Legendary,Arc,ScoutRifle
717150101,BrayTech RWP Mk. II,Legendary,Solar,ScoutRifle
2338088853,Calusea Noblesse,Legendary,Void,ScoutRifle
3906942101,Conspirator,Legendary,Solar,ScoutRifle
2625782213,Contingency Plan,Legendary,Arc,ScoutRifle
2034817450,Distant Relation,Legendary,Solar,ScoutRifle
1927800278,Eternal Blazon,Legendary,Arc,ScoutRifle
3005104939,Frostmire's Hex,Legendary,Arc,ScoutRifle
925326393,Manannan SR4,Legendary,Solar,ScoutRifle
3434629515,Metronome-52,Legendary,Solar,ScoutRifle
3425561386,Motion to Compel,Legendary,Arc,ScoutRifle
1931556011,No Feelings,Legendary,Arc,ScoutRifle
3907337522,Oxygen SR3,Legendary,Solar,ScoutRifle
1342668638,Pleiades Corrector,Legendary,Solar,ScoutRifle
1885753220,Seven-Six-Five,Legendary,Solar,ScoutRifle
925326392,Tango-45,Legendary,Solar,ScoutRifle
20025671,Tango-45 XK5094,Legendary,Solar,ScoutRifle
3501969491,The Cut and Run,Legendary,Arc,ScoutRifle
1825472717,The End,Legendary,Arc,ScoutRifle
1885753223,Tone Patrol,Legendary,Arc,ScoutRifle
1159252500,Vacuna SR4,Legendary,Solar,ScoutRifle
3242168339,Vouchsafe,Legendary,Void,ScoutRifle
1879212552,A Sudden Death,Legendary,Solar,Shotgun
1327264046,Badlander,Legendary,Arc,Shotgun
2928437919,Basilisk,Legendary,Arc,Shotgun
3582424018,Deadpan Delivery,Legendary,Arc,Shotgun
3861448240,Emperor's Courtesy,Legendary,Arc,Shotgun
1179141605,Felwinter's Lie,Legendary,Solar,Shotgun
515224227,"First In, Last Out",Legendary,Arc,Shotgun
3616586446,"First In, Last Out",Legendary,Arc,Shotgun
731147178,Good Bone Structure,Legendary,Arc,Shotgun
64236626,Good Bone Structure,Legendary,Arc,Shotgun
1277015089,Gravity Slingshot,Legendary,Arc,Shotgun
2326716489,Gunnora's Axe,Legendary,Arc,Shotgun
94729174,Gunnora's Axe,Legendary,Arc,Shotgun
1887808042,IKELOS_SG_v1.0.1,Legendary,Solar,Shotgun
1096206669,IKELOS_SG_v1.0.2,Legendary,Solar,Shotgun
755130877,Last Man Standing,Legendary,Solar,Shotgun
4117693024,Mindbender's Ambition,Legendary,Solar,Shotgun
1018777295,Motion to Vacate,Legendary,Arc,Shotgun
4020742303,Prophet of Doom,Legendary,Arc,Shotgun
838556752,Python,Legendary,Void,Shotgun
2478247171,Quitclaim Shotgun III,Legendary,Void,Shotgun
346136302,Retold Tale,Legendary,Void,Shotgun
1325579289,Retrofuturist,Legendary,Void,Shotgun
1821724780,Seventh Seraph CQC-12,Legendary,Solar,Shotgun
2703340117,Somerled-D,Legendary,Solar,Shotgun
3929685100,The Deicide,Legendary,Void,Shotgun
1988218406,Unification VII,Legendary,Arc,Shotgun
3356526253,Wishbringer,Legendary,Solar,Shotgun
3190698551,Wishbringer,Legendary,Solar,Shotgun
2707464805,Zenith of Your Kind,Legendary,Solar,Shotgun
1798874854,18 Kelvins,Legendary,Arc,Sidearm
3854037061,A Swift Verdict,Legendary,Void,Sidearm
3222518097,Anonymous Autumn,Legendary,Solar,Sidearm
1911843790,Dead Man Walking,Legendary,Void,Sidearm
3751622019,Dead Man Walking XX7463,Legendary,Solar,Sidearm
3334276333,Death by Scorn,Legendary,Void,Sidearm
2362471600,Drang,Legendary,Solar,Sidearm
79075821,Drang (Baroque),Legendary,Solar,Sidearm
48361213,Eleventh Hour,Legendary,Solar,Sidearm
1533499361,Etana SI4,Legendary,Arc,Sidearm
2812672357,Eulogy SI4,Legendary,Void,Sidearm
227548887,Interregnum XVI,Legendary,Solar,Sidearm
1911843791,Last Hope,Legendary,Void,Sidearm
3622137132,Last Hope,Legendary,Arc,Sidearm
3937866388,Seventh Seraph SI-2,Legendary,Void,Sidearm
1084788061,Swift Solstice,Legendary,Solar,Sidearm
65611680,The Fool's Remedy,Legendary,Solar,Sidearm
3424403076,The Fool's Remedy,Legendary,Solar,Sidearm
2009277538,The Last Dance,Legendary,Arc,Sidearm
3967155859,The Last Dance,Legendary,Solar,Sidearm
1911843788,The Rattler,Legendary,Solar,Sidearm
293505772,The Vision,Legendary,Arc,Sidearm
1648316470,Timecard,Legendary,Arc,Sidearm
1843044398,Translation Theory,Legendary,Solar,Sidearm
2091737595,Traveler's Judgment 5,Legendary,Arc,Sidearm
4149758318,Traveler's Judgment 5,Legendary,Arc,Sidearm
1533499362,Urchin-3si,Legendary,Solar,Sidearm
3334276332,Vestian Dynasty,Legendary,Arc,Sidearm
3312073052,A Single Clap,Legendary,Solar,SniperRifle
905092001,Anniella,Legendary,Arc,SniperRifle
2164448701,Apostate,Legendary,Arc,SniperRifle
1940885628,Archimedes Truth,Legendary,Void,SniperRifle
2295941920,Belfry Bounty,Legendary,Arc,SniperRifle
4190932264,Beloved,Legendary,Solar,SniperRifle
3666954561,Copperhead-4sn,Legendary,Solar,SniperRifle
2738174948,Distant Tumulus,Legendary,Solar,SniperRifle
2807687156,Distant Tumulus,Legendary,Solar,SniperRifle
3666954563,Elegy-49,Legendary,Void,SniperRifle
1873270090,Elegy-49,Legendary,Void,SniperRifle
3272713429,Eye of Foresight,Legendary,Void,SniperRifle
1684914716,Fate Cries Foul,Legendary,Void,SniperRifle
2660862359,Gentleman Vagabond,Legendary,Arc,SniperRifle
847450546,IKELOS_SR_v1.0.1,Legendary,Solar,SniperRifle
1253087083,IKELOS_SR_v1.0.2,Legendary,Solar,SniperRifle
2295941921,Maestro-46,Legendary,Void,SniperRifle
3239754990,Maxim XI,Legendary,Void,SniperRifle
3434507093,Occluded Finality,Legendary,Arc,SniperRifle
3454326177,Omniscient Eye,Legendary,Solar,SniperRifle
2290863050,Persuader,Legendary,Void,SniperRifle
4083045006,Persuader,Legendary,Void,SniperRifle
3312073054,Show of Force,Legendary,Arc,SniperRifle
1115104187,Sole Survivor,Legendary,Arc,SniperRifle
1449922174,Tatara Gaze,Legendary,Arc,SniperRifle
4272442416,The Domino,Legendary,Solar,SniperRifle
2154059444,The Long Goodbye,Legendary,Arc,SniperRifle
174804902,The Long Walk,Legendary,Void,SniperRifle
2535939781,The Mornin' Comes,Legendary,Void,SniperRifle
4166221755,Trophy Hunter,Legendary,Void,SniperRifle
3297863558,Twilight Oath,Legendary,Solar,SniperRifle
3666954562,Veleda-D,Legendary,Arc,SniperRifle
3312073055,Widow's Bite,Legendary,Void,SniperRifle
1271343896,Widow's Bite,Legendary,Solar,SniperRifle
2105827099,Bad Reputation,Legendary,Solar,SubmachineGun
1357080535,Breath of the Dragon,Legendary,Arc,SubmachineGun
2744715540,Bug-Out Bag,Legendary,Solar,SubmachineGun
174192097,CALUS Mini-Tool,Legendary,Solar,SubmachineGun
2742490609,Death Adder,Legendary,Solar,SubmachineGun
2517599010,Death Adder,Legendary,Solar,SubmachineGun
4277547616,Every Waking Moment,Legendary,Void,SubmachineGun
2700862856,Foggy Notion,Legendary,Arc,SubmachineGun
1723472487,IKELOS_SMG_v1.0.1,Legendary,Arc,SubmachineGun
2222560548,IKELOS_SMG_v1.0.2,Legendary,Arc,SubmachineGun
3089417788,MIDA Mini-Tool,Legendary,Solar,SubmachineGun
3954531357,Mob Justice,Legendary,Solar,SubmachineGun
2700862858,Out of Options,Legendary,Solar,SubmachineGun
566976654,Phosphorus MG4,Legendary,Solar,SubmachineGun
1587779165,Radiant Stardust,Legendary,Void,SubmachineGun
2700862859,Red Mamba,Legendary,Arc,SubmachineGun
566976652,Resonance-42,Legendary,Void,SubmachineGun
3889907763,Royal Dispensation II,Legendary,Arc,SubmachineGun
766323545,Seventh Seraph VY-7,Legendary,Arc,SubmachineGun
3991544422,Sol Pariah 6,Legendary,Arc,SubmachineGun
1339362514,Stochastic Variable,Legendary,Arc,SubmachineGun
2663204025,Subjunctive,Legendary,Arc,SubmachineGun
1865351684,The Hero's Burden,Legendary,Void,SubmachineGun
1865351684,The Hero's Burden,Legendary,Void,SubmachineGun
2433826056,The Quickstep,Legendary,Solar,SubmachineGun
3354242550,The Recluse,Legendary,Void,SubmachineGun
896923850,Acantha-D,Legendary,Solar,GrenadeLauncher
1757129747,Acantha-D XK8434,Legendary,Arc,GrenadeLauncher
1983332562,Berenger's Memory,Legendary,Void,GrenadeLauncher
407621213,Berenger's Memory,Legendary,Void,GrenadeLauncher
311852248,Bushwhacker,Legendary,Void,GrenadeLauncher
1489452902,Courageous Surrender,Legendary,Solar,GrenadeLauncher
736901634,Doomsday,Legendary,Arc,GrenadeLauncher
218335759,Edge Transit,Legendary,Void,GrenadeLauncher
3886263130,I Am Alive,Legendary,Void,GrenadeLauncher
2257180473,Interference VI,Legendary,Arc,GrenadeLauncher
1443049976,Interference VI,Legendary,Arc,GrenadeLauncher
3690523502,Love and Death,Legendary,Solar,GrenadeLauncher
3329842376,Memory Interdict,Legendary,Void,GrenadeLauncher
1983332561,Orthrus,Legendary,Solar,GrenadeLauncher
4146702548,Outrageous Fortune,Legendary,Solar,GrenadeLauncher
2621637518,Play of the Game,Legendary,Solar,GrenadeLauncher
195440257,Play of the Game,Legendary,Arc,GrenadeLauncher
4213221671,Sunrise GL4,Legendary,Solar,GrenadeLauncher
1972985595,Swarm of the Raven,Legendary,Void,GrenadeLauncher
301362380,Terran Wind,Legendary,Solar,GrenadeLauncher
807192446,The Day's Fury,Legendary,Solar,GrenadeLauncher
1720373217,The Permanent Truth,Legendary,Solar,GrenadeLauncher
301362381,Through Fire and Flood,Legendary,Arc,GrenadeLauncher
578459533,Wendigo GL3,Legendary,Arc,GrenadeLauncher
2168486467,Wicked Sister,Legendary,Solar,GrenadeLauncher
3419149443,Crooked Fang-4fr,Legendary,Void,LinearFusionRifle
3005879473,Crooked Fang-4fr,Legendary,Void,LinearFusionRifle
1813667283,Dead-Ender,Legendary,Arc,LinearFusionRifle
2697058914,Komodo-4FR,Legendary,Solar,LinearFusionRifle
946443267,Line in the Sand,Legendary,Arc,LinearFusionRifle
3909683950,Man o' War,Legendary,Solar,LinearFusionRifle
2502422775,Tarantula,Legendary,Arc,LinearFusionRifle
1600633250,21% Delirium,Legendary,Arc,MachineGun
3325778512,A Fine Memorial,Legendary,Arc,MachineGun
66875353,Avalanche,Legendary,Solar,MachineGun
1496419775,Bane of Sorrow,Legendary,Void,MachineGun
847329160,Edgewise,Legendary,Solar,MachineGun
1642384931,Fixed Odds,Legendary,Solar,MachineGun
603242241,Hammerhead,Legendary,Void,MachineGun
2582755344,Seventh Seraph SAW,Legendary,Arc,MachineGun
3369545945,Temporal Clause,Legendary,Void,MachineGun
2545083870,Apex Predator,Legendary,Solar,RocketLauncher
991314988,Bad Omens,Legendary,Void,RocketLauncher
2186258845,Bellowing Giant,Legendary,Void,RocketLauncher
417474226,Blue Shift,Legendary,Solar,RocketLauncher
1929278169,BrayTech Osprey,Legendary,Void,RocketLauncher
1392429335,Broadsword Launcher,Legendary,Arc,RocketLauncher
2149166938,Classical-42,Legendary,Solar,RocketLauncher
2149166939,Countess SA/2,Legendary,Void,RocketLauncher
137879537,Curtain Call,Legendary,Solar,RocketLauncher
3067821200,Heretic,Legendary,Arc,RocketLauncher
3669616453,Hoosegow,Legendary,Arc,RocketLauncher
417474224,Hoosegow,Legendary,Arc,RocketLauncher
2817798849,Hoosegow XE5837,Legendary,Solar,RocketLauncher
3748713779,Morrigan-D,Legendary,Arc,RocketLauncher
1529450902,Mos Epoch III,Legendary,Arc,RocketLauncher
417474225,Mos Epoch III,Legendary,Arc,RocketLauncher
3748713778,Pentatonic-48,Legendary,Arc,RocketLauncher
4095462486,Pit Launcher,Legendary,Arc,RocketLauncher
1289324202,Pyroclastic Flow,Legendary,Solar,RocketLauncher
308332265,Roar of the Bear,Legendary,Solar,RocketLauncher
2544285846,Scipio-D,Legendary,Solar,RocketLauncher
432716552,Shining Sphere,Legendary,Arc,RocketLauncher
136525518,Shining Sphere,Legendary,Arc,RocketLauncher
3691881271,Sins of the Past,Legendary,Arc,RocketLauncher
3740842661,Sleepless,Legendary,Arc,RocketLauncher
4041111172,The Button,Legendary,Solar,RocketLauncher
2792181427,Tiebreaker,Legendary,Solar,RocketLauncher
958384347,Tomorrow's Answer,Legendary,Void,RocketLauncher
1411084669,Zenobia-D,Legendary,Arc,RocketLauncher
3776129137,Zenobia-D,Legendary,Arc,RocketLauncher
1644160541,Abide the Return,Legendary,Solar,Sword
287042893,Complex Solution,Legendary,Void,Sword
3551104348,Double-Edged Answer,Legendary,Void,Sword
614426548,Falling Guillotine,Legendary,Void,Sword
1490571337,Future Safe 10,Legendary,Solar,Sword
276918162,Hagakure,Legendary,Arc,Sword
2857348871,Honor's Edge,Legendary,Arc,Sword
2276266837,Honor's Edge,Legendary,Arc,Sword
1018072983,It Stared Back,Legendary,Solar,Sword
715338174,Just in Case,Legendary,Solar,Sword
287042892,Negative Space,Legendary,Solar,Sword
3629968765,Negative Space,Legendary,Solar,Sword
3870811754,Night Terror,Legendary,Arc,Sword
4230993599,Steel Sybil Z-14,Legendary,Void,Sword
4174481098,Steel Sybil Z-14,Legendary,Void,Sword
3704653637,Stryker's Sure-Hand,Legendary,Arc,Sword
35794111,Temptation's Hook,Legendary,Arc,Sword
2683682446,Traitor's Fate,Legendary,Arc,Sword
287042894,Unspoken Promise,Legendary,Solar,Sword
4203034886,Zephyr,Legendary,Arc,Sword
2351747816,Cuboid ARu,Rare,Kinetic,AutoRifle
2860172149,Cuboid ARu,Rare,Kinetic,AutoRifle
2903592984,Lionheart,Rare,Kinetic,AutoRifle
2903592986,Rebuke AX-GL,Rare,Kinetic,AutoRifle
2351747819,Ros Lysis II,Rare,Kinetic,AutoRifle
2860172150,Ros Lysis II,Rare,Kinetic,AutoRifle
653875714,Azimuth DSu,Rare,Kinetic,HandCannon
2591586261,Azimuth DSu,Rare,Kinetic,HandCannon
653875712,Ballyhoo Mk.27,Rare,Kinetic,HandCannon
2591586263,Ballyhoo Mk.27,Rare,Kinetic,HandCannon
1595336070,Guseva-C,Rare,Kinetic,HandCannon
1669771783,Bayesian MSu,Rare,Kinetic,PulseRifle
1678957656,Bayesian MSu,Rare,Kinetic,PulseRifle
3627718345,Nanty Narker,Rare,Kinetic,PulseRifle
1669771782,Psi Cirrus II,Rare,Kinetic,PulseRifle
1678957657,Psi Cirrus II,Rare,Kinetic,PulseRifle
3906357379,Armillary PSu,Rare,Kinetic,ScoutRifle
1650626964,Armillary PSu,Rare,Kinetic,ScoutRifle
2842493171,Trax Dynia,Rare,Kinetic,ScoutRifle
3906357377,Trax Lysis II,Rare,Kinetic,ScoutRifle
1650626966,Trax Lysis II,Rare,Kinetic,ScoutRifle
1457394911,Badlands Mk.24,Rare,Kinetic,Shotgun
1457394910,Botheration Mk.28,Rare,Kinetic,Shotgun
711899773,Roderic-C,Rare,Kinetic,Sidearm
3809805230,Roderic-C,Rare,Kinetic,Sidearm
4157959958,Aachen-LR2,Rare,Kinetic,SniperRifle
1281822857,Philippis-B,Rare,Kinetic,SubmachineGun
3383958218,Philippis-B,Rare,Kinetic,SubmachineGun
1281822856,Protostar CSu,Rare,Kinetic,SubmachineGun
3383958219,Protostar CSu,Rare,Kinetic,SubmachineGun
1195725817,Sondok-C,Rare,Kinetic,SubmachineGun
2351747817,Refrain-23,Rare,Solar,AutoRifle
2860172148,Refrain-23,Rare,Solar,AutoRifle
2351747818,Sand Wasp-3au,Rare,Arc,AutoRifle
2860172151,Sand Wasp-3au,Rare,Void,AutoRifle
2903592987,Yellowjacket-3au,Rare,Solar,AutoRifle
3441197112,Nox Cordis II,Rare,Arc,FusionRifle
3662200189,Nox Cordis II,Rare,Arc,FusionRifle
3441197113,Nox Lumen II,Rare,Void,FusionRifle
3662200188,Nox Lumen II,Rare,Void,FusionRifle
3441197115,Parsec TSu,Rare,Solar,FusionRifle
3662200190,Parsec TSu,Rare,Arc,FusionRifle
2936850733,Harsh Language,Rare,Arc,GrenadeLauncher
653875715,Allegro-34,Rare,Solar,HandCannon
2591586260,Allegro-34,Rare,Solar,HandCannon
653875713,Lamia HC2,Rare,Void,HandCannon
2591586262,Lamia HC2,Rare,Arc,HandCannon
1595336071,Presto-48,Rare,Solar,HandCannon
1669771781,Agrona PR2,Rare,Solar,PulseRifle
1678957658,Agrona PR2,Rare,Void,PulseRifle
1669771780,Encore-25,Rare,Solar,PulseRifle
1678957659,Encore-25,Rare,Arc,PulseRifle
3906357378,Black Tiger-2sr,Rare,Arc,ScoutRifle
1650626965,Black Tiger-2sr,Rare,Void,ScoutRifle
3906357376,Madrugada SR2,Rare,Solar,ScoutRifle
1650626967,Madrugada SR2,Rare,Void,ScoutRifle
2842493170,Sonata-48,Rare,Arc,ScoutRifle
1995011456,Badlands Mk.24,Rare,Void,Shotgun
1995011457,Botheration Mk.28,Rare,Solar,Shotgun
1457394908,Fussed Dark Mk.21,Rare,Arc,Shotgun
1995011459,Fussed Dark Mk.21,Rare,Arc,Shotgun
3556971406,Requiem-43,Rare,Arc,Shotgun
3809805228,Dissonance-34,Rare,Void,Sidearm
711899775,Dissonance-34,Rare,Void,Sidearm
3809805229,Requiem SI2,Rare,Solar,Sidearm
711899774,Requiem SI2,Rare,Arc,Sidearm
3809805231,Vinegaroon-2si,Rare,Arc,Sidearm
711899772,Vinegaroon-2si,Rare,Solar,Sidearm
1177293327,Aachen-LR2,Rare,Void,SniperRifle
4157959959,Damietta-LR2,Rare,Solar,SniperRifle
1177293326,Damietta-LR2,Rare,Arc,SniperRifle
4157959956,Tongeren-LR3,Rare,Arc,SniperRifle
1177293325,Tongeren-LR3,Rare,Solar,SniperRifle
1281822858,Furina-2mg,Rare,Solar,SubmachineGun
3383958217,Furina-2mg,Rare,Void,SubmachineGun
1281822859,Harmony-21,Rare,Void,SubmachineGun
3383958216,Harmony-21,Rare,Arc,SubmachineGun
1195725818,Whip Scorpion-3mg,Rare,Arc,SubmachineGun
1120843238,Plemusa-B,Rare,Void,GrenadeLauncher
3493948735,Plemusa-B,Rare,Solar,GrenadeLauncher
1120843239,Stampede Mk.32,Rare,Arc,GrenadeLauncher
3493948734,Stampede Mk.32,Rare,Void,GrenadeLauncher
1502662697,King Cobra-4fr,Rare,Arc,LinearFusionRifle
1877183765,Cup-Bearer SA/2,Rare,Solar,RocketLauncher
4221925398,Cup-Bearer SA/2,Rare,Void,RocketLauncher
1877183764,Reginar-B,Rare,Void,RocketLauncher
4221925399,Reginar-B,Rare,Arc,RocketLauncher
372212741,Weaver-C,Rare,Arc,RocketLauncher
1447973651,Future Imperfect,Rare,Void,Sword
2891976012,Future Imperfect,Rare,Solar,Sword
1447973650,Rest for the Wicked,Rare,Solar,Sword
2891976013,Rest for the Wicked,Rare,Void,Sword
2694044461,Cydonia-AR1,Common,Kinetic,AutoRifle
2694044460,Home Again,Common,Kinetic,AutoRifle
2694044462,SUROS Throwback,Common,Kinetic,AutoRifle
3185293912,Mos Ultima II,Common,Kinetic,HandCannon
3185293913,One Earth,Common,Kinetic,HandCannon
3185293915,Picayune Mk. 33,Common,Kinetic,HandCannon
2213848863,Psi Ferox II,Common,Kinetic,PulseRifle
2213848860,Psi Termina II,Common,Kinetic,PulseRifle
2213848862,Standing Tall,Common,Kinetic,PulseRifle
3627718344,Triumph DX-PR,Common,Kinetic,PulseRifle
3361694401,Fare-Thee-Well,Common,Kinetic,ScoutRifle
3361694403,Inverness-SR2,Common,Kinetic,ScoutRifle
3361694400,Trax Arda II,Common,Kinetic,ScoutRifle
2694044463,Jiangshi AR1,Common,Solar,AutoRifle
1393021133,Equinox Tsu,Common,Solar,FusionRifle
1393021135,Nox Calyx II,Common,Void,FusionRifle
1393021134,Nox Reve II,Common,Arc,FusionRifle
3246523829,Resilient People,Common,Void,GrenadeLauncher
3185293914,Minuet-12,Common,Solar,HandCannon
2213848861,Cadenza-11,Common,Solar,PulseRifle
3361694402,Sea Scorpion-1sr,Common,Arc,ScoutRifle
4138415949,Ded Acumen II,Common,Void,Shotgun
4138415950,Ded Nemoris II,Common,Arc,Shotgun
4138415948,Hand in Hand,Common,Solar,Shotgun
1310413524,Recital-17,Common,Void,Sidearm
1310413525,Victoire SI2,Common,Solar,Sidearm
2605790033,Luna Nullis II,Common,Void,SniperRifle
2605790034,Trondheim-LR2,Common,Arc,SniperRifle
2605790032,Troubadour,Common,Solar,SniperRifle
531591353,Daystar SMG2,Common,Solar,SubmachineGun
531591352,Forte-15,Common,Void,SubmachineGun
2936850734,Gareth-C,Common,Void,GrenadeLauncher
3246523828,Hadrian-A,Common,Arc,GrenadeLauncher
3246523831,Para Torus I,Common,Solar,GrenadeLauncher
2936850735,Penumbra GSm,Common,Arc,GrenadeLauncher
2037589099,Butler RS/2,Common,Arc,RocketLauncher
1270948323,Nasreddin,Common,Arc,Sword
1619016919,Khvostov 7G-02,Basic,Kinetic,AutoRifle
4024037919,Origin Story,Basic,Kinetic,AutoRifle
2209451511,Pariah,Basic,Kinetic,AutoRifle
2553946496,Headstrong,Basic,Kinetic,HandCannon
3569842567,Lost and Found,Basic,Kinetic,PulseRifle
3550697748,Thistle and Yew,Basic,Kinetic,ScoutRifle
53159280,Traveler's Chosen,Basic,Kinetic,Sidearm
53159281,Traveler's Chosen (Damaged),Basic,Kinetic,Sidearm
2734369894,Stay Away,Basic,Arc,GrenadeLauncher
2553946497,Helios HC1,Basic,Arc,HandCannon
1977926913,Stubborn Oak,Basic,Solar,Shotgun
3792720684,Spiderbite-1si,Basic,Solar,Sidearm
1699493316,The Last Dance,Basic,Solar,Sidearm
254156943,Dead Zone Rifle,Basic,Void,SniperRifle
772531208,Etude-12,Basic,Void,SubmachineGun
1195725819,Sorrow MG2,Basic,Arc,SubmachineGun
2683682447,Traitor's Fate,Basic,Arc,Sword
